Company,# of posting,Skill
2Coms Consulting Pvt Ltd.,1,"CSS, MS SQL, Angular.js, JavaScript, HTML, JQuery, Oracle"
3D India Staffing Research Consulting Pvt Ltd,1,"bd, Sales, Regional Sales Manager, Regional Sales, Sales Management..."
A L B Enterprises (India) Private Limited,2,"Computer science, Email, Web development, Javascript, Agile, HTML...#####Computer science, Email, Coding, System integration, Web development..."
ACME College of Engineering,2,"sciences, bca, m sc, computer, b sc, information technology...#####sciences, bca, m sc, b sc, fluency in, mca, telecom, teaching"
ACS Global Tech Solutions Pvt. Ltd.,3,"Tax Planning, Tax Returns, Accounting, Direct Tax, Finance, Sales Tax...#####Tax Planning, Tax Returns, Accounting, Direct Tax, Finance, Sales Tax...#####Java, CSS, Rest, Design Patterns, Javascript, Spring Boot, HTML, J2Ee..."
ADLER SERVICES,1,"it hiring, IT Recruiter, IT Recruitment, technical recruitment, recruiter..."
ANTRA INFO SOLUTIONS PVT. LTD,2,"Use Cases, System Analysis, Business Process, Data Analysis...#####Zoho projects, Project Management, Zoho, Project Manager..."
ARISE SOFTWARE SOLUTIONS,1,"Technical product configuration, c++, development, C, application, design..."
"ATMECS Technologies Pvt., Ltd.",1,"JAVA, development, testing, Perl, script, MAVEN, automation, JUNIT..."
AXCESS CONSULTANCY SERVICES,3,"continuous integration, Spring mvc, Web services, Payment systems...#####MVVM, Agile development, Swift, ios development, Information technology#####Hibernate, Core Java, Web services, Analytical, Agile development..."
Aadvi Tech. Solutions,2,"Azure, DevOps, WebAPI, Cloud Services, .Net, Cloud Migration...#####Azure, DevOps, WebAPI, Cloud Services, .Net, Cloud Migration..."
Abhracloud Softwares India Private Ltd,1,"Change Management, Servicenow, ITSM, ITIL, Service Management..."
Achala IT Solutions,8,"IT services, Computer science, Software testing, Automobile, Architecture...#####IT services, Data dictionary, Dialog programming, Team leading...#####IT services, Business process, Data migration, Data modeling, Analytical...#####IT services, Supply chain, Computer science, ERP, Automation, Baan...#####IT services, Computer science, Software testing, Automobile, Architecture...#####IT services, Data dictionary, Dialog programming, Team leading...#####IT services, Business process, Data migration, Data modeling, Analytical...#####IT services, Supply chain, Computer science, ERP, Automation, Baan..."
Acme Professionals,1,"Purchase Executive, Acme, Campus recruitment, Interviewing..."
Adaequare Info Private Ltd.,2,"Product Development, Team Handling, Selling, Inside Sales...#####Inside Sales, Digital Transformation, product selling, Sales Management..."
Addon Technologies Inc.,1,"Staffing, Information technology management, Management"
"Advanced Micro Devices, Inc.",4,"Graphics, high performance computing, Windows, Information technology...#####Telecom, Networking, WAN, Network security, CCNA, Troubleshooting...#####Unix, Graphics, Automation, Linux, Chip design, Shell scripting, CAD...#####Telecom, Networking, WAN, Network security, CCNA, Troubleshooting..."
Aegan Technologies pvt ltd,1,"Hibernate, JCL, Db2, Data modeling, Cobol, Shell scripting, TIBCO..."
Aelfric Solutions,2,"Business Intelligence, Database Schema, SSAS, SSRS, Microsoft BI stack...#####MSBI Developer, SSAS, SSRS, MSBI, SQL Server, Data Modeling, SSIS..."
Affluent Global Services,1,"Automation Engineer, server automation"
Affluent Global Services Pvt. Ltd.,5,"technical writer, content strategist, sharepoint, structural design...#####docummentation, editor, technical writer...#####powershell, Packaging, SCCM, deployment#####powershell, powerCLI, server automation, windows server, deployment#####powershell, powerCLI, server automation, windows server, deployment"
Aim Computer Consulting,1,"Implementation partner, contract staffing, team management, Tier1 vendors..."
Aizant Global Analytics,1,"Healthcare, Life sciences, Operations, Technical documentation"
Aizant Global Analytics Pvt Ltd,1,"FRS, Ddlc, Documentation, URS, tech writing, Technical Writing..."
Alien Technology Transfer,1,"algorithms, development, Prototype, code, technical, level..."
Allegis Services India Pvt. Ltd.,6,"Networking, Subject Matter Expertise, Unified Communications, PBX...#####technical architecture, meeting solutions, unified communications, pbx...#####it security, design development, computer science, service management...#####technical architecture, meeting solutions, unified communications, pbx...#####senoir sql engineer, sql development, sr sql developer, sql consultant, adf...#####Infrastructure Management, Infrastructure Architecture"
Alliance Global Services IT India Pvt. Ltd.,1,"Solution architecture, Cloud computing, Production support..."
Altruista Health,6,"Team management, Business analysis, Conflict management, Analytical...#####Wireless, WAN, VPN, LAN, DNS, Network security, Troubleshooting...#####PMP, Project management, Javascript, Agile, HTML, Application development...#####Performance tuning, Log shipping, Sql Server 2008, MS SQL...#####ITIL certified, Unix, Computer science, Administration, Linux, microsoft...#####Change management, Business Analyst, Business analysis, Analytical..."
Amazon India Software Dev Centre Pvt Ltd,13,"Computer science, Cloud computing, Access management, Consulting, Presales,...#####Computer science, Automation, Architecture, Test scripts, Access management...#####Automation, Project management, MySQL, Test planning, Perl...#####Computer science, Automation, Architecture, Configuration management...#####Computer science, Automation, Architecture, Configuration management...#####Automation, Data modeling, Project management, Agile, Customer service...#####Computer science, Automation, Architecture, Project management...#####Automation, Data modeling, Project management, Agile, Customer service...#####Computer science, Architecture, Test planning, Performance optimization...#####Computer science, Automation, Architecture, Project management...#####Automation, Data modeling, Project management, Agile...#####IIS, Project management, Debugging, Javascript, Agile, WCF, microsoft...#####IIS, Project management, Debugging, Javascript, Agile, WCF, microsoft..."
Anantha Cyber Tech Pvt Limited,8,"Sales, Javascript, developer, Information technology#####spring, Spring mvc, Core Java, jQuery, Sales, java, PLSQL, developer, mvc...#####development, DOM, Deployment, Warehouse management, Information technology,...#####Maven, CVS, software, Back office, developing, Apache Tomcat...#####Sales, C, .net, developer, ASP.Net MVC, Information technology, SQL#####server, Hibernate, development, code, technical, Performance optimization...#####Sales, Technical Lead, J2Ee, Information technology#####Sales, Strategy development, Information technology, Recruitment"
Anewa Engineering Private limited,1,"oil, gas, petrochemical"
Anna IT Services,2,"Drupal, Opencart, Wordpress, MySQL, Technical Leadership...#####Drupal, Opencart, Wordpress, MySQL, Developer/, Technical Leadership..."
Anvayin Systems Pvt Ltd,5,"rest, development, css, html5, Eclipse, mobile, developing, HTML, bootstrap...#####server, development, UX, c, software, android, mobile, developing...#####rest, development, css, html5, Eclipse, mobile, developing, HTML, bootstrap...#####server, development, UX, c, software, android, mobile, developing...#####software, HTML, it, SQL, jQuery, usability, application, Coding, web, MySQL..."
Apex Covantage India Pvt Ltd,1,"process, Publishing, XML, Content, Media, .Net, developer, Data mining, net..."
Apogee Services Private Limited,1,"Core Java, Design Patterns, Cq5, Javascript, Aem, Bootstrap, JQuery, ExtJS,..."
Apps Associates (I) Pvt. Ltd,1,"Risk Mitigation, Operational Excellence, Project Management..."
Associated Recruitment & Management Services Pvt Ltd,1,"Agile Methodology, PMP, Business Solutions, Project Management..."
Atos Pvt Ltd,1,"BPO, Printing, TSO, Application support, Consulting, Scheduling, Operations..."
Atria Convergence Technologies Ltd,2,"Enterprise Architecture, pmp, delivery manager, project manager...#####Enterprise Architecture, pmp, delivery manager, project manager..."
Augusta Infotech,1,"C, Customer focus, Written communication, Programming, Presalesmicrosoft..."
AutoRABIT,1,"Computer science, Web technologies, devops, IT support, Salesforce.com..."
Axelta Systems Pvt.Ltd,5,"Wireless, EMI, Automation, C++, Online marketing, EMC, Power supply...#####Wireless, EMI, English, Automation, C++, Online marketing, Presales, EMC...#####Wireless, EMI, English, Automation, C++, Online marketing, Presales, EMC...#####Wireless, EMI, English, Automation, C++, Online marketing, Presales, EMC...#####Wireless, EMI, English, Automation, C++, Online marketing, Presales, EMC..."
Ayan Consultancy,2,"Project analysis, Project management, Application programming, Budgeting...#####Project analysis, Project management, Budgeting, Information technology"
BA Continuum India Pvt. Ltd,1,CFA Fresher
BACentric Solutions,1,"Retail, performance, Ad, istering, analysis, sales"
BSS BUSINESS CONSULTANCY PRIVATE LIMITED,1,"Hibernate, Core Java, Stored Procedures, Eclipse, Subversion..."
Bedouin,3,"trading, trade finance, structured finance, deal structuring, syndication...#####trading, trade finance, structured finance, Lending, deal structuring...#####trading, trade finance, structured finance, Lending, deal structuring..."
Bharat Institutions- Division of Chinta Reddy,1,"Professor Activities, Communication Skills, Education, Providing Training..."
Bizacuity Solutions Pvt. Ltd.,1,"My SQL, MQ, Microservices design, PL - SQL, Batch processing, Microservices..."
Bizrights IP,4,"Team management, Sales, ISO 9001, Intellectual property, IPR, Service sales...#####Team management, Sales, ISO 9001, Business Development Manager...#####Team management, Sales, ISO 9001, Intellectual property, IPR, Service sales...#####Team management, Sales, ISO 9001, Business Development Manager..."
Bombay Swadeshi Stores Limite,1,"Sales, Stock Management, Stock Control, Store Management..."
Brainfuse,1,"Learning, education, Tutoring, mathematics, Online Tutor, Computer Science,..."
Brains & Machines Innovative Solutions,3,"server, technical, Web development, HTML, JSON, microsoft, research, web...#####Computer science, Stress testing, Automation, Test scripts...#####Computer science, Process design, Database design, Technical design..."
Brightex Bio Phonics Pvt Ltd,1,"c, web application, computer science, information technology, software..."
CBRE,2,"Technical Architect, Golang, Enterprise Information Architecture, DevOps...#####MRI Applications, System Design, Power BI, SSRS, SQL Server, Tableau, Yardi..."
CC Staffing International,2,"Solution architecture, Ubuntu, Cloud computing, Network administration...#####c++, technical, software, DNS, networking, analytics, cloud, coding, web..."
CES Ltd.,2,"Angularjs, EF, Web Api, dot net core, Micro Services, react...#####Business Process Management, IOS Developer, ios software engineer..."
CORSALITE EDUCATION SERVICES PRIVATE LIMITED,1,"sales operations, implementation manager, project management, pmp..."
COTELLIGENT INDIA PVT LTD,2,"Product Strategy, Product Development, Developing Marketing Strategies...#####Product Strategy, Product Development, Developing Marketing Strategies..."
CSC India Pvt Ltd.,26,"Change management, SAP, Project management, Configuration management...#####Change management, SAP, Project management, Configuration management...#####Change management, SAP, Project management, Configuration management...#####Change management, SAP, Project management, Configuration management...#####Change management, SAP, Project management, Configuration management...#####Change management, SAP, Project management, Configuration management...#####Change management, SAP, Project management, Configuration management...#####Change management, SAP, Project management, Configuration management...#####Change management, SAP, Project management, Configuration management...#####Change management, SAP, Project management, Configuration management...#####Change management, SAP, Project management, Configuration management...#####Change management, SAP, Project management, Configuration management...#####Change management, SAP, Project management, Configuration management...#####Change management, SAP, Project management, Configuration management...#####Change management, SAP, Project management, Configuration management...#####Change management, SAP, ISO, Project management, Configuration management...#####Interpersonal skills, Business Analyst, Professional, Business analysis...#####Interpersonal skills, Business Analyst, Business analysis, Analytical, Test...#####Interpersonal skills, Business Analyst, Business analysis, Analytical, Test...#####Business administration, Interpersonal skills, Business Analyst...#####Change management, SAP, Project management, Configuration management...#####Business administration, Interpersonal skills, Business Analyst...#####Interpersonal skills, Business Analyst, Business analysis, Analytical, Test...#####SAP, Business analysis, Project management, Customer relationship...#####Change management, SAP, Performance management, Business analysis...#####Change management, SAP, Performance management, Business analysis..."
CST 2000(INDIA) Pvt Ltd,1,"Interviewing Candidates, Screening, Linkedin, IT Recruitment, Dice, Hiring,..."
CYNIX LABS PRIVATE LIMITED,1,"cloud, XML, Web Technologies, SAAS, MySQL, Javascript, PHP, HTML..."
Cactus Communications Pvt. Ltd.,2,"editorial, chemistry, electronics, information technology, engineering...#####editorial, chemistry, electronics, information technology, engineering..."
Capgemini Technology Services India Limited,2,"Consultant 4, Disaster recovery, Subject Matter Expert...#####Consultant 4, Disaster recovery, Subject Matter Expert..."
Career Infosystem,3,"C#, Reporting Services, C#.Net, Javascript, ASP.Net, MS SQL Server...#####.Net Architect, .Net, SQL Server, Web Services#####RFT, UFT, iSeries, Quality, AS400, UAT, Automation Testing..."
CausePointTech,3,"Performance tuning, c, technical, analytical, Perl, Teradata...#####Performance tuning, c, technical, analytical, Perl, Teradata...#####Performance tuning, server, c, oracle, analytical, Perl, Teradata, Business..."
Client Of Sampoorna,1,"Java, J2EE"
CodeCrux Web technologies(p) Ltd.,1,"Cold calling, IT services, Mobile application development, Sales strategy..."
Cognizant Technology Solutions India Ltd,3,"Test Engineering, Java, Test Execution, Robot Framework, Automation Testing...#####Test Engineering, Java, Test Execution, Robot Framework, Automation Testing...#####Test Engineering, Performance Testing, Performance Engineering, Load Runner..."
Collabera Technologies Private Limited,1,"Jboss Application Server, Rest, Core Java, Web Technologies, Spring Boot..."
Compugain Solutions India Private Limited,4,"excel, balance sheet, mis reporting, trial balance, accounting, word...#####us it recruitment, screening, technical recruitment, cold calling, sourcing#####us it recruitment, screening, technical recruitment, cold calling, sourcing#####IT Recruitment, Business Consulting, Negotiation Skills, Sourcing..."
Computer Ware India Pvt Ltd,2,"Printing, Telecom, Networking, Appliances, WAN, System integration, Network...#####Telecom, Backend, ERP, Networking, XML, Billing, Javascript, HTML..."
Confidential,8,"java, data science, .net, java script, software engineering...#####Software Development, Business Analyst, SDLC, Salesforce#####SAP - PLM, SAP PLM, SAP PLM Consultant, SAP MM, SAP EHS, Devex#####CSS, Web Developer, HTML, 3D Studio, Adobe Photoshop, GifConverter...#####Web Technologies, Technical Support, User Experience, ASP.Net, .Net, Entity...#####3D, CSS, InDesign, UI, Illustrator, Mobile UI, Javascript, HTML, Photoshop,...#####jQuery, .Net, Entity Framework, SQL Server, MVC, Angular 4, Angular 2, ASP,...#####Corporate Strategy, COO, Geographic Information Systems, Operations Head..."
Connectpro Management Consultants Pvt Ltd.,1,"C#, Angular 2.x, CSS, Azure, Software Development, Front End, Html5..."
Construction Specialties International India Pvt Ltd.,2,"Application Manager, ERP, Enterprise Delivery, Oracle Cloud...#####C#, Asp .Net, Microsoft.Net, HTML, Coding, MySQL, Javascript, Sitecore..."
Construction Specialties International India Pvt.,1,"Orcle Fusion SCM, Order Management System, Orcle Fusion HCM..."
ConverseHR,1,"Unix, IT Asset Management, Network Infrastructure, Linux, Exchange Server..."
CoreEdge Solutions,1,"Hybrid Apps, RESTful API, AngularJS, Technical Leadership..."
Crypto Asset Rating Inc,1,"cryptocurrency, ethereum, github, hyperledger, financial products..."
Cubic Transportation Systems India Pvt. Ltd.,24,"Unix, Graphics, PLM, Computer science, Vista, Networking...#####Change management, Performance management, Networking...#####Networking, Analytical, Reconciliation, Support services, Wellness...#####Change management, Data migration, metadata, Networking, SOA, Analytical...#####Unix, Wireless, TCP, Networking, Linux, WAN, LAN, DNS, Troubleshooting...#####Training, E-learning, PDF, LMS, Networking, Illustrator, Support services...#####Unix, Graphics, PLM, Computer science, Vista, Networking...#####Change management, Performance management, Networking...#####Networking, Analytical, Reconciliation, Support services, Wellness...#####Change management, Data migration, metadata, Networking, SOA, Analytical...#####Unix, Wireless, TCP, Networking, Linux, WAN, LAN, DNS, Troubleshooting...#####Training, E-learning, PDF, LMS, Networking, Illustrator, Support services...#####ERP, SAP, Networking, Helpdesk, Project management, Scheduling...#####ERP, SAP, Networking, Helpdesk, Project management, Scheduling...#####ERP, SAP, Networking, Helpdesk, Business analysis, Project management...#####Computer science, Training, Administration, Payroll, SAP, SAP HCM, HCM...#####ERP, SAP, Networking, Helpdesk, Business analysis, Project management...#####Procurement, ERP, SAP, Networking, Helpdesk, Project management, Scheduling...#####Linux, Networking, XML, Software Development Manager, Agile, Windows...#####Object oriented design, Core Java, Bluetooth, Software design, GIT...#####Unix, Computer science, Data analysis, Networking, Coding, Debugging, Toad,...#####Performance tuning, Web services, Production support, Networking, Debugging...#####Mining, Data analysis, Operations research, Networking, Analytical, MySQL...#####Mining, Data analysis, Operations research, Networking, Analytical, Manager..."
DLabs at the Indian School of Business,3,"Cloud computing, Data analysis, Social media, Machine learning, Engineering...#####Statistical programming, Computer science, Data analysis...#####Economics, Administration, CVS, LMS, Excel, Accounting, Social media..."
DM CONSULTING (INDIA) PVT LTD,5,"Technical product configuration, c++, C, design, MySQL, JavaScript...#####assembly language, Six Sigma, PMP, C, JavaScript...#####assembly language, Six Sigma, PMP, C, JavaScript...#####assembly language, Six Sigma, PMP, C, JavaScript...#####assembly language, Six Sigma, PMP, C, JavaScript..."
DXC Technology,10,"Change management, SAP, Project management, Configuration management...#####Service delivery, Change management, Project management...#####Business administration, Interpersonal skills, Business Analyst...#####Business administration, Interpersonal skills, Business Analyst...#####Change management, SAP, Project management, Configuration management...#####Service delivery, Change management, Project management...#####Business administration, Interpersonal skills, Business Analyst...#####Business administration, Interpersonal skills, Business Analyst...#####Training, Change management, Statistical analysis, Business analysis, UML...#####Computer science, Interpersonal skills, Networking, data security..."
DXC Technology India Private Limited,1,"VMware, solution architecture, solution design, solution architect..."
DataRPM India Private Limited,1,"Aix, VMware, SAN, C++, Automation, Linux, Solaris, Configuration management..."
Dell International Services India Private Limited,5,"C#, Software Development Life Cycle, Unit Testing, VSTS, ASP.Net...#####server, code, technical, software, functions, configuration, administration...#####Application Development, Cloud Foundry, Software Engineering...#####Intrusion Detection, Networking, Security+, Network Security...#####Intrusion Detection, Networking, Security+, Network Security..."
Deloitte,1,"PCI DSS, risk assessment, ISO 27001, disaster recovery, Bcp, DR..."
Deloitte Consulting India Private Limited,31,"Reporting Services, DTS, Unit Testing, MS Access, Project Management, SSRS,...#####Software Development, Project Management, Web Technologies, Javascript...#####Reporting Services, DTS, Unit Testing, MS Access, Project Management, SSRS,...#####Software Development, Project Management, Web Technologies, Javascript...#####Advisory Services, ECC, Capacity Planning, NWDI, NetWeaver...#####data modeling., project management, PMP, pmo, VBA, business strategy...#####Cism, Root Cause Analysis, Technical Specialist...#####Cism, Root Cause Analysis, Technical Specilaist...#####Windows Operating Systems, System Development, MSI, VB SCRIPT...#####Change Control, Data Integrity, Customization, Salesforce.com, Agile...#####Angularjs, CSS, Service Now Developer, DOM, Web Technologies, Schema...#####Security Analysis, Cloud Security, Cyber Security, Finance, ISO 27001, SIEM...#####C#, CSS, Windows Forms, Dot Net Developer, Javascript, WCF, SQL Server...#####TBM Communications, Storyboards, Senior Analyst, Content...#####technical support, active directory, cyberark, iam, incident management...#####Multicast, Network Engineering, Networking, Bgp, Cisco Certified...#####Ethical Hacking, Checkpoint, Networking, Juniper, Security+, Ceh...#####Cyber Security, Risk Governance, Cisa, ISO 27001, Information Security...#####C#, Application Architecture, Software Development Methodologies...#####Cism, Cisa, Relationship Management, Finance, ISO 27001...#####Software Development, Application Architecture, Technical Design...#####Cism, Cisa, Finance, Relationship Management, ISO 27001...#####Cism, Java EE, Cloud Security, CCSP, Cloud Foundry, Cissp, CISA, EAI...#####Learning, C#, Administration, Rest, Xamarin, SQLite, Xamarin.iOS...#####Cism, Cisa, Compliance, ISO 27001, Information Security, Cissp...#####Financial Reporting, Financial Transformation, Finance Function, CMA...#####ISO 27001, Compliance Management, Technology Risk, Risk Compliance, SDLC...#####Cism, Cloud Security Governance, Cloud Security, Cyber Security, Compliance...#####Java, System Development, Advisory Services, Application Architecture...#####Cloud Security, IT Asset Management, Identity Access Management...#####Enterprise Mobility, Application Architecture, Detail Design..."
Digitalogy Consulting,1,"Xcode, SWIFT, Objective C, SDK, Mobile App Designing, iOS"
Disha Outsourcing Pvt. Ltd.,2,"Copyright, Application support, Network design, Messaging, Customer support...#####Copyright, Application support, Network design, Messaging, Customer support..."
Dynpro India Pvt. Ltd.,2,"SAP Security, SAP S / 4 HANA, sap security consultant#####s / 4hana, Sap Fiori"
EC-Council,1,"information technology management, front end, project management, python..."
ENERGYTECH GLOBAL PRIVATE LIMITED,3,"Openerp, Linux, Postgresql, Computer Science, Database Design...#####Communication Skills, Software Development, Openerp, Linux, Scrum Master...#####Angularjs, CSS, Javascript, Yii, Bootstrap, HTML, Zend, JQuery, Laravel..."
EXELON CONSULTING,1,"assembly language, website, C, Operational Risk Consultant, HTML, ajax..."
EduShine Advisory Group,1,"Analytical skills, Proposal writing, Data analysis, Consulting, Wordpress..."
Eli Research India Private limited,1,"senior research analyst, market sizing, chemical research..."
EnLume,1,"development, oracle, testing, tools, quality, Java Developer, cloud, spring..."
Enervators Global IT Solutions,3,"development, critical thinking, it operations, information technology...#####development, technical architecture, it operations, information technology,...#####Unix, server, code, technical, configuration, HTML, mca, tools, tracking..."
Enormous IT Services Pvt Ltd,1,"Ethical Hacking, Information Security Management, PCI DSS..."
Enrich & Enlight,4,"iAM Service Delivery, Analyst, Kanban, iAM, Agile, Unix OS, Scrum...#####Data Science, DataLake, DBA, data management, Docker, Hadoop, CIO, Big Data...#####Ethical Hacking, Technical Architect, Threat Detection...#####Ethical Hacking, Technical Architect, Threat Detection..."
Enrich and Enlight,1,"it security, Malware Analysis, Incident Investigation, ceh..."
"Epiq Systems, Inc.",3,"Performance tuning, Content management, Networking...#####VMware, Helpdesk, Active directory, DNS, Windows, microsoft, cisco...#####VMware, Helpdesk, Active directory, DNS, Application development..."
Evision Technoserve Pvt Ltd,9,"electronics, python, information technology, eee, ece, automation testing...#####electronics, python, information technology, eee, ece, automation testing...#####electronics, python, information technology, eee, ece, automation testing...#####electronics, python, information technology, eee, ece, automation testing...#####MCSA, electronics, information technology, eee, microsoft certified, ece...#####MCSA, electronics, information technology, eee, microsoft certified, ece...#####electronics, python, information technology, eee, ece, automation testing...#####electronics, python, information technology, eee, ece, automation testing...#####electronics, python, information technology, eee, ece, automation testing..."
Evyavan Premier,1,"Db2, Netezza, Informatica, ETL, SQL"
Experia Services,4,"Team Management, Lead Generation, concept sales, B2B sales, Direct Sales...#####Audit, Reconcilation, Finance, Billing, Service Tax Return, GST, Taxation...#####Payroll, Office Administration, statutory compliance, HR consulting...#####Payroll, Office Administration, statutory compliance, HR consulting..."
Experis India,1,"BPO, Law enforcement, Aviation, Pharma, Life sciences, ITES..."
"F5 Networks, Inc",2,"Ticketing, Network design, Project management, Information security, Active...#####Product management, Computer science, orchestration, Linux, Coding..."
FASTRA CORPORATION PRIVATE LIMITED,2,"cc, software jobs, sap, ci, information technology jobs, sap hybris#####Cism, Cyber Security, Cisa, Application Security, Project Management..."
FORTIFIED INFOTECH (OPC) PRIVATE LIMITED,1,"PeopleSoft, sap hcm, Oracle HRMS"
FactSet Systems India Pvt Ltd,2,"Web technologies, Networking, Analytical, Client support...#####Web technologies, Networking, Analytical, Client support, Management..."
Family Health Plan (TPA) Ltd,2,"jQuery, LINQ, Web technologies, Winforms, WCF, WPF, ASP.Net MVC...#####jQuery, LINQ, Web technologies, Winforms, WCF, WPF, ASP.Net MVC..."
Finite HR Consulting Private Limited,4,"Technical product configuration, c++, C, design, MySQL, JavaScript...#####Technical product configuration, c++, C, design, MySQL, JavaScript...#####Technical product configuration, c++, C, design, MySQL, JavaScript...#####Technical product configuration, c++, C, design, MySQL, JavaScript..."
Franklin Templeton International,8,"Microstrategy, Business objects, SAS, Data modeling, HTTP...#####Team management, Performance management, Mutual funds, Analytical, Hyperion...#####Relationship management, Front office, Manager Internal Audit...#####Staffing, Project management, Analytical, Process improvement, Consulting...#####Microstrategy, Business objects, SAS, XML, Application development, HTTP...#####Tomcat, Linux, Production support, XML, Project management...#####Automation, System design, Application development, HTTP, System Analyst...#####Relationship management, IT services, Automation, Windows, microsoft..."
Future Now Consulting,1,Implement and develop scalable solutions....
Futurepoint Technologies,1,"JCL, Tomcat, XML, JSP, Cobol, PHP, JDBC, HTML, Ajax, Android"
GD Research Center Pvt Ltd,2,"Object oriented design, T-SQL, server, bca, development, code, technical...#####Object oriented design, T-SQL, server, bca, development, code, technical..."
GJS Infratech Pvt.Ltd,1,"Computer science, Windows administration, CSS, Javascript, HTML..."
GeekTek,1,"IT services, Time management, Legal, Corporate, Legal research, Research..."
Gladwin Analytics,1,"Business process, Computer science, Linux, MySQL, Application development..."
Global Enterprise Tech Resources Private Limited,1,"Aa, Cca, fico, MM, SAP, Costing, Accounting, GL, Ams, Sap Hana..."
GlobalData,1,"c#, asp.net mvc, information technology, web technologies, asp.net, .net..."
Gowra Bits & Bytes,2,"Computer science, Promotion planning, Action plan, Relationship building...#####Computer science, Target, Tracking, Relationship building, Instrumentation,..."
Great Sports Infra,4,"Usage, Costing, Claims, Project management, Reconciliation, Troubleshooting...#####Civil, Costing, Claims, AutoCAD, Project management, Reconciliation...#####Civil construction, Costing, Claims, Project management, Reconciliation...#####vendor management, development, project management, boq, claims..."
HR Devi and Associates,1,"assembly language, Six Sigma, PMP, C, JavaScript..."
HRHONCHOS CONSULTING SOLUTIONS PRIVATE LIMITED,1,"information technology hardware sales, enterprise sales, it hardware sales,..."
HUSYS CONSULTING LIMITED,2,"Computer science, Memory management, Eclipse, Postgresql, Agile, HTML...#####JAVA, Business Analysts, development, Architects, XML, design, MySQL, PHP..."
Hetero Drugs Limited,5,"email marketing, software information technology business development, bd...#####email marketing, software information technology business development, bd...#####SAP Fiori, Odata, CSS, JQuer, SAPUI5, XML, HTML5, MVC Framework, Javascript...#####C#, CSS, Web Technologies, ASP.Net, .Net, HTML, MVC, JQuery, Ajax, SQL#####SAP Fiori, Odata, CSS, JQuer, SAPUI5, XML, HTML5, MVC Framework, Javascript..."
High Noon Consulting Pvt Ltd,1,"SAP, Software packages, Test scripts, Analytical, Billing..."
Humint Global,1,"Business Analyst, Senior Management, Data Modeling, Business Analysis..."
Hyderabad Race Club,2,"Computer science, management information system, INFORMATION TECHNOLOGY...#####Computer science, management information system, INFORMATION TECHNOLOGY..."
IB Services & Technologies,2,"Computer science, MS SQL, Data conversion, SSRS...#####control and assurance methodologies, project management, FP and A..."
IBM India Pvt. Limited,1,"IntelliJ, Serialization, Java, Maven, Hibernate, DAO, Aop, JSP, Application..."
IMPJobs.com,1,"C++, SAP, Project management, Moss, Flex, Software Engineer 2, Windows, WCF..."
INITIATEFIRST INFORMATION SERVICES PRIVATE LIMITED,1,"hive, Application design, Architecture, spark, Hadoop, Cloud..."
INTERFACE CONSULTANCY SERVICES,1,"software skills, good communication skills, IT Skills, desktops skills..."
IPP Global Technologies Pvt Ltd,1,"Graphics, Computer science, C++, User interface designing..."
IQVIA,3,"Statistical programming, GCP, Social media, Programming, Healthcare...#####Statistical programming, GCP, Social media, Programming, Healthcare...#####Analyst, Service level, Project management, Social media, Healthcare..."
ISB,2,"Cloud computing, Data analysis, Social media, Machine learning, Engineering...#####Statistical programming, Computer science, Data analysis..."
IT Niche India Pvt. Ltd,8,"coding, soft skills, information technology, wap, english, cms, php, adobe,...#####c#, server, development, soft skills, hiring, information technology...#####, server, development, soft skills, wordpress, cms, joomla, ajax...#####indesign, dreamweaver, graphic designing, php, photoshop, web development...#####c#, server, development, cms, HTML, Windows, tools, Joomla, DHTML, sql...#####Drupal, jQuery, XML, Wordpress, Javascript, PHP, HTML, Photoshop, Joomla...#####server, development, CMS, it, Joomla, SQL, Drupal, database, jQuery...#####c#, server, development, soft skills, stores, cms, specification, joomla..."
Indmax IT Services Pvt Ltd,1,"Communication Skills, B Tech Fresher, Graduate Trainee, Software Trainee..."
Inovies Consulting Pvt Ltd,1,"cold calling, information technology sales..."
Inplenion International AG,1,"Computer science, Technical Expert, Hyperion, Social media, Consulting..."
Institute for Development and Research in Banking Technology,30,"Cold calling, Managed servicesMPLS, Networking, Diagnostics, Appliances...#####Cold calling, Managed servicesMPLS, Networking, Diagnostics, Appliances...#####Cold calling, Managed servicesMPLS, Networking, Diagnostics, Appliances...#####Cold calling, Managed servicesMPLS, Networking, Diagnostics, Appliances...#####Cold calling, Managed servicesMPLS, Networking, Diagnostics, Appliances...#####Cold calling, Managed servicesMPLS, Networking, Diagnostics, Appliances...#####Cold calling, Managed servicesMPLS, Networking, Diagnostics, Appliances...#####Cold calling, Managed servicesMPLS, Networking, Diagnostics, Appliances...#####Cold calling, Managed servicesMPLS, Networking, Diagnostics, Appliances...#####Cold calling, Managed servicesMPLS, Networking, Diagnostics, Appliances...#####Cold calling, Managed servicesMPLS, Networking, Diagnostics, Appliances...#####Cold calling, Managed servicesMPLS, Networking, Diagnostics, Appliances...#####Cold calling, Managed servicesMPLS, Networking, Diagnostics, Appliances...#####Cold calling, Managed servicesMPLS, Networking, Diagnostics, Appliances...#####Cold calling, Managed servicesMPLS, Networking, Diagnostics, Appliances...#####Cold calling, Managed servicesMPLS, Networking, Diagnostics, Appliances...#####Cold calling, Managed servicesMPLS, Networking, Diagnostics, Appliances...#####Cold calling, Managed servicesMPLS, Networking, Diagnostics, Appliances...#####Cold calling, Managed servicesMPLS, Networking, Diagnostics, Appliances...#####Cold calling, Managed servicesMPLS, Networking, Diagnostics, Appliances...#####Cold calling, Managed servicesMPLS, Networking, Diagnostics, Appliances...#####Cold calling, Managed servicesMPLS, Networking, Diagnostics, Appliances...#####Cold calling, Managed servicesMPLS, Networking, Diagnostics, Appliances...#####Cold calling, Managed servicesMPLS, Networking, Diagnostics, Appliances...#####Cold calling, Managed servicesMPLS, Networking, Diagnostics, Appliances...#####Cold calling, Managed servicesMPLS, Networking, Diagnostics, Appliances...#####Cold calling, Managed servicesMPLS, Networking, Diagnostics, Appliances...#####Cold calling, Managed servicesMPLS, Networking, Diagnostics, Appliances...#####Cold calling, Managed servicesMPLS, Networking, Diagnostics, Appliances...#####Cold calling, Managed servicesMPLS, Networking, Diagnostics, Appliances..."
International Institute of Information Technology,78,"record, teaching, Medical, Reimbursement, research#####Counselor, Mentor, Trainer, Advisor, Educator, Teaching#####Counselor, Mentor, Trainer, Advisor, Educator, Teaching#####Counselor, Mentor, Trainer, Advisor, Educator, Teaching#####Counselor, Mentor, Trainer, Advisor, Educator, Teaching#####Counselor, Mentor, Trainer, Advisor, Educator, Teaching#####Counselor, Mentor, Trainer, Advisor, Educator, Teaching#####Counselor, Mentor, Trainer, Advisor, Educator, Teaching#####Counselor, Mentor, Trainer, Advisor, Educator, Teaching#####Counselor, Mentor, Trainer, Advisor, Educator, Teaching#####Counselor, Mentor, Trainer, Advisor, Educator, Teaching#####Counselor, Mentor, Trainer, Advisor, Educator, Teaching#####Counselor, Mentor, Trainer, Advisor, Educator, Teaching#####Counselor, Mentor, Trainer, Advisor, Educator, Teaching#####Counselor, Mentor, Trainer, Advisor, Educator, Teaching#####Counselor, Mentor, Trainer, Advisor, Educator, Teaching#####Counselor, Mentor, Trainer, Advisor, Educator, Teaching#####Counselor, Mentor, Trainer, Advisor, Educator, Teaching#####Counselor, Mentor, Trainer, Advisor, Educator, Teaching#####Counselor, Mentor, Trainer, Advisor, Educator, Teaching#####Counselor, Mentor, Trainer, Advisor, Educator, Teaching#####Counselor, Mentor, Trainer, Advisor, Educator, Teaching#####Counselor, Mentor, Trainer, Advisor, Educator, Teaching#####Counselor, Mentor, Trainer, Advisor, Educator, Teaching#####Counselor, Mentor, Trainer, Advisor, Educator, Teaching#####Counselor, Mentor, Trainer, Advisor, Educator, Teaching#####Counselor, Mentor, Trainer, Advisor, Educator, Teaching#####Counselor, Mentor, Trainer, Advisor, Educator, Teaching#####Counselor, Mentor, Trainer, Advisor, Educator, Teaching#####Counselor, Mentor, Trainer, Advisor, Educator, Teaching#####Counselor, Mentor, Trainer, Advisor, Educator, Teaching#####Counselor, Mentor, Trainer, Advisor, Educator, Teaching#####Counselor, Mentor, Trainer, Advisor, Educator, Teaching#####Counselor, Mentor, Trainer, Advisor, Educator, Teaching#####Counselor, Mentor, Trainer, Advisor, Educator, Teaching#####Counselor, Mentor, Trainer, Advisor, Educator, Teaching#####Counselor, Mentor, Trainer, Advisor, Educator, Teaching#####Counselor, Mentor, Trainer, Advisor, Educator, Teaching#####Counselor, Mentor, Trainer, Advisor, Educator, Teaching#####Counselor, Mentor, Trainer, Advisor, Educator, Teaching#####Counselor, Mentor, Trainer, Advisor, Educator, Teaching#####Counselor, Mentor, Trainer, Advisor, Educator, Teaching#####Counselor, Mentor, Trainer, Advisor, Educator, Teaching#####Counselor, Mentor, Trainer, Advisor, Educator, Teaching#####Counselor, Mentor, Trainer, Advisor, Educator, Teaching#####Counselor, Mentor, Trainer, Advisor, Educator, Teaching#####Counselor, Mentor, Trainer, Advisor, Educator, Teaching#####Counselor, Mentor, Trainer, Advisor, Educator, Teaching#####Counselor, Mentor, Trainer, Advisor, Educator, Teaching#####Counselor, Mentor, Trainer, Advisor, Educator, Teaching#####Counselor, Mentor, Trainer, Advisor, Educator, Teaching#####Counselor, Mentor, Trainer, Advisor, Educator, Teaching#####Counselor, Mentor, Trainer, Advisor, Educator, Teaching#####Counselor, Mentor, Trainer, Advisor, Educator, Teaching#####Counselor, Mentor, Trainer, Advisor, Educator, Teaching#####Counselor, Mentor, Trainer, Advisor, Educator, Teaching#####Counselor, Mentor, Trainer, Advisor, Educator, Teaching#####Counselor, Mentor, Trainer, Advisor, Educator, Teaching#####Counselor, Mentor, Trainer, Advisor, Educator, Teaching#####Counselor, Mentor, Trainer, Advisor, Educator, Teaching#####Counselor, Mentor, Trainer, Advisor, Educator, Teaching#####Counselor, Mentor, Trainer, Advisor, Educator, Teaching#####Counselor, Mentor, Trainer, Advisor, Educator, Teaching#####Counselor, Mentor, Trainer, Advisor, Educator, Teaching#####Counselor, Mentor, Trainer, Advisor, Educator, Teaching#####Counselor, Mentor, Trainer, Advisor, Educator, Teaching#####Counselor, Mentor, Trainer, Advisor, Educator, Teaching#####Counselor, Mentor, Trainer, Advisor, Educator, Teaching#####Counselor, Mentor, Trainer, Advisor, Educator, Teaching#####Counselor, Mentor, Trainer, Advisor, Educator, Teaching#####Counselor, Mentor, Trainer, Advisor, Educator, Teaching#####Counselor, Mentor, Trainer, Advisor, Educator, Teaching#####Counselor, Mentor, Trainer, Advisor, Educator, Teaching#####Counselor, Mentor, Trainer, Advisor, Educator, Teaching#####Counselor, Mentor, Trainer, Advisor, Educator, Teaching#####Counselor, Mentor, Trainer, Advisor, Educator, Teaching#####Counselor, Mentor, Trainer, Advisor, Educator, Teaching#####Counselor, Mentor, Trainer, Advisor, Educator, Teaching"
"International Institute of Information Technology, Hyderabad",48,"C#, Dot Net Developer, .Net 3.5 C#, WPF, Angular, WF, Angular JS, MS SQL...#####C#, Dot Net Developer, .Net 3.5 C#, WPF, Angular, WF, Angular JS, MS SQL...#####C#, Dot Net Developer, .Net 3.5 C#, WPF, Angular, WF, Angular JS, MS SQL...#####C#, Dot Net Developer, .Net 3.5 C#, WPF, Angular, WF, Angular JS, MS SQL...#####C#, Dot Net Developer, .Net 3.5 C#, WPF, Angular, WF, Angular JS, MS SQL...#####C#, Dot Net Developer, .Net 3.5 C#, WPF, Angular, WF, Angular JS, MS SQL...#####C#, Dot Net Developer, .Net 3.5 C#, WPF, Angular, WF, Angular JS, MS SQL...#####C#, Dot Net Developer, .Net 3.5 C#, WPF, Angular, WF, Angular JS, MS SQL...#####C#, Dot Net Developer, .Net 3.5 C#, WPF, Angular, WF, Angular JS, MS SQL...#####C#, Dot Net Developer, .Net 3.5 C#, WPF, Angular, WF, Angular JS, MS SQL...#####C#, Dot Net Developer, .Net 3.5 C#, WPF, Angular, WF, Angular JS, MS SQL...#####C#, Dot Net Developer, .Net 3.5 C#, WPF, Angular, WF, Angular JS, MS SQL...#####C#, Dot Net Developer, .Net 3.5 C#, WPF, Angular, WF, Angular JS, MS SQL...#####C#, Dot Net Developer, .Net 3.5 C#, WPF, Angular, WF, Angular JS, MS SQL...#####C#, Dot Net Developer, .Net 3.5 C#, WPF, Angular, WF, Angular JS, MS SQL...#####C#, Dot Net Developer, .Net 3.5 C#, WPF, Angular, WF, Angular JS, MS SQL...#####C#, Dot Net Developer, .Net 3.5 C#, WPF, Angular, WF, Angular JS, MS SQL...#####C#, Dot Net Developer, .Net 3.5 C#, WPF, Angular, WF, Angular JS, MS SQL...#####C#, Dot Net Developer, .Net 3.5 C#, WPF, Angular, WF, Angular JS, MS SQL...#####C#, Dot Net Developer, .Net 3.5 C#, WPF, Angular, WF, Angular JS, MS SQL...#####C#, Dot Net Developer, .Net 3.5 C#, WPF, Angular, WF, Angular JS, MS SQL...#####C#, Dot Net Developer, .Net 3.5 C#, WPF, Angular, WF, Angular JS, MS SQL...#####C#, Dot Net Developer, .Net 3.5 C#, WPF, Angular, WF, Angular JS, MS SQL...#####C#, Dot Net Developer, .Net 3.5 C#, WPF, Angular, WF, Angular JS, MS SQL...#####C#, Dot Net Developer, .Net 3.5 C#, WPF, Angular, WF, Angular JS, MS SQL...#####C#, Dot Net Developer, .Net 3.5 C#, WPF, Angular, WF, Angular JS, MS SQL...#####C#, Dot Net Developer, .Net 3.5 C#, WPF, Angular, WF, Angular JS, MS SQL...#####C#, Dot Net Developer, .Net 3.5 C#, WPF, Angular, WF, Angular JS, MS SQL...#####C#, Dot Net Developer, .Net 3.5 C#, WPF, Angular, WF, Angular JS, MS SQL...#####C#, Dot Net Developer, .Net 3.5 C#, WPF, Angular, WF, Angular JS, MS SQL...#####C#, Dot Net Developer, .Net 3.5 C#, WPF, Angular, WF, Angular JS, MS SQL...#####C#, Dot Net Developer, .Net 3.5 C#, WPF, Angular, WF, Angular JS, MS SQL...#####C#, Dot Net Developer, .Net 3.5 C#, WPF, Angular, WF, Angular JS, MS SQL...#####C#, Dot Net Developer, .Net 3.5 C#, WPF, Angular, WF, Angular JS, MS SQL...#####C#, Dot Net Developer, .Net 3.5 C#, WPF, Angular, WF, Angular JS, MS SQL...#####C#, Dot Net Developer, .Net 3.5 C#, WPF, Angular, WF, Angular JS, MS SQL...#####C#, Dot Net Developer, .Net 3.5 C#, WPF, Angular, WF, Angular JS, MS SQL...#####C#, Dot Net Developer, .Net 3.5 C#, WPF, Angular, WF, Angular JS, MS SQL...#####C#, Dot Net Developer, .Net 3.5 C#, WPF, Angular, WF, Angular JS, MS SQL...#####C#, Dot Net Developer, .Net 3.5 C#, WPF, Angular, WF, Angular JS, MS SQL...#####C#, Dot Net Developer, .Net 3.5 C#, WPF, Angular, WF, Angular JS, MS SQL...#####C#, Dot Net Developer, .Net 3.5 C#, WPF, Angular, WF, Angular JS, MS SQL...#####C#, Dot Net Developer, .Net 3.5 C#, WPF, Angular, WF, Angular JS, MS SQL...#####C#, Dot Net Developer, .Net 3.5 C#, WPF, Angular, WF, Angular JS, MS SQL...#####C#, Dot Net Developer, .Net 3.5 C#, WPF, Angular, WF, Angular JS, MS SQL...#####C#, Dot Net Developer, .Net 3.5 C#, WPF, Angular, WF, Angular JS, MS SQL...#####C#, Dot Net Developer, .Net 3.5 C#, WPF, Angular, WF, Angular JS, MS SQL...#####C#, Dot Net Developer, .Net 3.5 C#, WPF, Angular, WF, Angular JS, MS SQL..."
Invesco (India) Pvt Ltd,6,"Security Audit, Cyber Security, Vendor Audit, Penetration Testing...#####Unix, Change Management, Client Support, Connect Direct, Oracle SQL, Linux,...#####Client Support, VMWare, Windows 7 / 10 and MAC, PC Hardware...#####Process Consulting, Oracle Managed Service, Requirement Gathering...#####Interfaces, OAF, PLSQL, Essbase, PL, ETL, Obia, OBIEE, SQL, Oracle Forms#####Business Intelligence, Oracle Apps, Project Management, OAF, Agile, PLSQL..."
KAMMS Management Consultants Private Limited,1,"Oracle Weblogic Application Server, SOA, OAG, oracle weblogic web server..."
KARVY INNOTECH LIMITED,1,"Presentation Skills, Networking, Infrastructure Services..."
KEWILL,2,"Computer science, Career development, Automation, Technical operations...#####VMware, SAN, JBoss, Cognos, Shell scripting, Server Maintenance, PHP, Perl,..."
Kanary Staffing Private Limited,3,"Automation, Arabic, OS, information technology, Arabian, automation testing...#####Automation, Arabic, OS, information technology, Arabian, Windows, IT...#####market data analyst, Market data research, Financial Market analyst..."
Kanary Staffing Pvt. Ltd.,1,"C#, LINQ, RDBMS, Design Patterns, OOPS, .Net, ASP, SQL"
Karvy Group,2,Head Information Technology#####Head Information Technology
Kenil Management Services Pvt. Ltd,1,"Administration management, Business administration, Operations management..."
Krinotek,1,"DevOps, Solr, DB2, RDBMS, Continuous Integration, PostgreSQL, Cloud, MySQL,..."
Lares Global Limited,5,"Analytical skills, Bench Sales, Data analysis, Consulting, Wordpress...#####Analytical skills, Proposal writing, Data analysis, development, analytical...#####Analytical skills, Proposal writing, Data analysis, development, analytical...#####Analytical skills, Data analysis, domestic staffing, Consulting, Wordpress,...#####Analytical skills, Bench Sales, Data analysis, Consulting, Wordpress..."
Larsen & Toubro Infotech Limited,1,"Consulting, Banking, CMS, FAS, Vision Plus, Information technology"
Larsen Toubro Limited,1,"Java, Web Application Security, cyber security, Application Security..."
LoginRadius Inc.,1,"Manual testing, Testing tools, Javascript, Agile, PHP, HTML..."
LogonB2B Soft Solutions Pvt. Ltd.,1,"software, E-commerce, HTML, Research, Information technology, Joomla..."
Lubrizol Advanced Materials India Pvt Ltd,1,"Computer science, Performance tuning, Supply chain management, Coding..."
M/s Bpk Tech Services India Pvt Ltd,1,"Software Developer, Software Development, jQuery, it programming, .Net..."
MAQ Software,1,"Computer science, English, Customer interactionSystems Engineer..."
MAQ Software Hyderbad Pvt Ltd,1,"Lean development, Unit Testing, Power Bi, OLAP, Visual Studio, CSS3..."
Maanyam Business Solution Pvt. Ltd.,1,"information technology, business development, presales..."
Machint Solutions Pvt Ltd,1,Technical Architect
Manomay Consultancy Services,2,"Process design, Business process, Claims, Underwriting, Project management,...#####Process design, Reinsurance, Claims, Business analysis, Analytical..."
Marolix technology solution,1,"Mobile application development, development, code, technical, software..."
Marriott,1,"Supervisor, Training, Administration, Tactical planning..."
Melstar Information Technologies Ltd,2,"Java, java api developer, jsp api developer...#####devops sr. it programmer, devops, devops sr. software programmer..."
Menlo Technologies,7,"UI development, jQuery, Front end, Architecture, ui, Coding, Analytical...#####Computer science, jQuery, GIT, NoSQL, Data modeling, HTML, developer, JIRA,...#####development, css, software, HTML, it, JIRA, Information technology...#####Computer hardware, Networking, Linux, Intranet, PAAS, Disaster recovery...#####server, development, software, Server management, developing...#####Unix, Computer science, Version control, Linux, Postgresql, MySQL...#####Performance tuning, Log shipping, Automation, GIT, Networking..."
Merkle Inc.,6,"Change management, Linux, Infrastructure management, Customer service...#####Solution architecture, Automation, Networking, EMEA, GCP, Consulting...#####Computer science, Operations research, Financial analysis, Analytical, SSRS...#####VMware, Linux, VB SCRIPT, DNS, Perl, Firmware, CCNA, Troubleshooting, cisco...#####VMware, Automation, Linux, Networking, Active directory, Perl, Windows...#####server, Automation, development, code, Informatica, SSIS..."
Metmox Software Solutions India Pvt. Ltd.,1,"International Sales, B2B, Cyber Security, networking sales, Bdm, Sales Lead..."
Micron Semiconductor Asia Pte Ltd,10,"ERP, Automation, Business objects, SSRS, SSIS, Business intelligence...#####Computer science, ERP, SAP ERP, HP data protector, Database...#####ERP, Semiconductor, XML, Agile, Customer service, EDI, Troubleshooting...#####ERP, Automation, Business objects, SSRS, SSIS, Business intelligence...#####Computer science, ERP, SAP ERP, HP data protector, Database...#####ERP, Semiconductor, XML, Agile, Customer service, EDI, Troubleshooting...#####Performance tuning, ERP, Automation, Business objects, SSRS, SSIS, Business...#####ERP, Automation, Business analysis, SSRS, Agile, Scrum, SSIS...#####jQuery, Coding, Web development, Javascript, HTML, Apache, SSIS, Teradata...#####Business process, IT risk, Semiconductor, Cisa, ISO, Risk analytics..."
Micron Technology Operations India LLP,47,"High Availability, Software Development, Shell Scripting...#####SAP ECC, Administration Management, Solution Delivery, Customer Focus, Data...#####Customer Service, Desktop Support, Computer Hardware, System Administration...#####replication, high availability, python, sql queries, information technology...#####data analysis, information technology, development testing...#####High Availability, Software Development, Shell Scripting...#####SAP ECC, Administration Management, Solution Delivery, Customer Focus, Data...#####Customer Service, Desktop Support, Computer Hardware, System Administration...#####replication, high availability, python, sql queries, information technology...#####data analysis, information technology, development testing...#####Database Maintenance, High Availability, Shell Scripting, Web Technologies,...#####Application Programming, Software Development, Web Technologies...#####High Availability, Database Administration, SSRS, MS SQL Server...#####Service Improvement, User Support, Customer Support, Networking...#####SAP ECC, Service Level, Sap Portal, Disaster Recovery, NetWeaver, Sap Hana,...#####Troubleshooting Skills, Customer Service, Desktop Support...#####Development Testing, Design Development, Computer Science, Business Process...#####risk management, IT Risk Management, Cisa, Audit Compliance...#####operations, information technology, problem analysis, quality standards...#####TCP, Audio Visual, Architecture, IP, Computer Science, LAN, OSI Model...#####CSS, Azure, Software Development, NoSQL, Javascript, .Net, HTML...#####Technology Operations, Enterprise Architecture, PowerShell DSC, RPA, System...#####Business Intelligence, Financial Analysis, Accounting, Business Finance...#####SAP ChaRM, SAP Transprt Management System, Application Administration...#####test management, K2, test cases, business rules, system support, powerbi...#####Regression Testing, Defect Management, Test Planning, Automation Testing...#####MVC Framework, MySQL, Javascript, Bootstrap, JSON, HTML, Node.Js, JQuery...#####IT Asset Management, Software Licensing, maintenance...#####Technology Management, Service Level, Customer Service, Project Management,...#####SS, Business Intelligence, Microsoft BI tool stack, SSAS...#####C#, CSS, Front End, NoSQL, Software Engineering, Web Technologies...#####MDX, Integration Services, Reporting Services, SSAS, Analysis Services...#####sql development, ssas, ms sql server, qlik, business intelligence, plsql...#####SQLT, Data Guard, Performance Tuning, TKPROF, TFA, RMAN, SQL design, OLTP /...#####sql development, ssas, ms sql server, qlik, business intelligence, plsql...#####SQLT, Data Guard, Performance Tuning, TKPROF, TFA, RMAN, SQL design, OLTP /...#####Integration Services, Reporting Services, SSAS, Analysis Services, Business...#####Data Management Analyst, Quality Monitoring, Data Quality, Excel Powerpoint...#####Data Science, Business Intelligence, Supply Chain Planning, Bi, OLAP...#####C#, CSS, Front End, NoSQL, Software Engineering, Web Technologies...#####TCP, IP Telephony, Networking, Computer Science, DNS, Load Balancing, SIP...#####technical support, field support, service desk, active directory...#####release management, project management, Automation, product support...#####Microsoft Exchange, MS Exchange, MS Active Directory, Disaster Recovery...#####Test Engineering, Testing Tools, Regression Testing, Retesting...#####C#, operational support, system integration, software development...#####quality analysis, Change Management, data quality, Lean, data management..."
Mindblu Technologies Pvt Ltd,3,"Computer science, Illustrator, Analytical, Javascript, HTML, Visio...#####PLM, System architecture, XML, Javascript, JSON, MVC...#####Computer science, Electrical engineering, NoSQL, RDBMS, Coding, Javascript,..."
Mitratech,1,"Linux Administration, Java, Websphere Application Server, Automation, SAP..."
Mount Talent Consulting Private Limited,1,"C#, CSS, Kendo Ui, HTML, SQL Server, WPF, .NET Framework, Angular..."
NEER INTERACTIVE SOLUTIONS (P) Ltd,4,"erp, it services, information technology, dealing, documentation, english...#####erp, it services, information technology, dealing, documentation, english...#####erp, it services, information technology, dealing, documentation, english...#####erp, client managementcumentationales process, development..."
NEILMED DEVICES PVT LTD,1,"C#, Java, suitescript, suiteflow, CSS, VB.NET, Github, suitetalk, HTML..."
NISG (National Institute for Smart Government),7,"PHP Developer, HTML5, Javascript, PHP, JSON, CSS3#####Java, Hibernate, Core Java, HTML5, JavaScript, Programming, JSON, J2ee...#####PHP Developer, HTML5, Javascript, PHP, JSON, CSS3#####Hibernate, Core Java, HTML5, JavaScript, JSON, J2EE, CoreJava, CSS3#####Network Configuration, Networking, Network Security, Network Maintenance...#####SAN, Open Source, ISCSI, Remote Support, Disaster Recovery, NFS...#####Database Administration Postgre, DBA Postgre"
NTT Global Delivery Services Limited,1,"IT services, Automation, development, sap, technical, Schema..."
Nagarjuna Fertilizers and Chemicals Limited.,1,"PMP, Project Management, Scope Management, Scheduling..."
Napier HealthCare,2,"Business Analyst, Business analysis, Analytical, Workflow, CMMI, Healthcare...#####Computer science, Product launch, Publishing, Project management, Workflow,..."
National Recruiting Firm US Based,1,"it recruitment, recruiter, Technical Recruitment"
Naukri Premium - Employer Services,3,"Team Management, Team Handling, Business Process Management, IT Risk, ITGC,...#####IT Audit, Data Integrity, Technology Audit, IT Risk, Compliance, Accounting...#####css, java, angular js, html5 html 5, j2ee, html, javascript"
NebuLogic Technologies,12,"development, Business Analyst, technical, configuration, methods, testing...#####Cloud computing, server, ERP, Automation, technical, Project management...#####development, information technology, technical, configuration, methods...#####development, Business Analyst, technical, configuration, methods, testing...#####Cloud computing, server, ERP, Automation, technical, Project management...#####development, information technology, technical, configuration, methods...#####Cloud computing, ERP, Automation, Business Analyst, Project management...#####development, information technology, computer science, documentation...#####development, erp, project management, technical support, automation...#####Computer science, Analytical skills, Core Java, Java web services...#####server, ERP, technical, Project management, Technical support, sql, cloud...#####development, erp, project management, automation, operations, port..."
Needa Software Solutions Pvt Ltd,1,"C#, Angularjs, IIS, OOPS, MS SQL Server, Entity Framework, ASP.Net MVC..."
Neer Kamal Job Consultancy,1,"Java, Software Development, it development, hardware programming..."
NetScore Technologies Pvt. Ltd.,1,"project scheduling, netsuite implementation, netsuite, salesforce..."
Netrovert Software Private Limited,1,"SOA, technical, it, Middleware, Information technology..."
Neustar MarketShare,1,"Technical product configuration, c++, C, design, MySQL, JavaScript..."
"Neustar, Inc",1,"Computer science, Tools, Data processing, Business intelligence..."
Newt Global India Private Limited,1,"Jboss Application Server, Rest, Core Java, Web Technologies, Spring Boot..."
Novartis Healthcare Pvt. Ltd.,82,"Unix, Aix, Performance tuning, Linux, Database administration, Healthcare...#####IT services, Service delivery, remediation, Information security, SOC...#####Prototype, User interface designing, project support, Illustrator...#####operational support, development testing, Architecture, Compliance, Legal...#####Unix, Performance tuning, C++, Linux, Enterprise applications, Healthcare...#####Change management, People development, IT strategy, Pharma, Life sciences...#####Computer science, Time management, Web development, Javascript, Application...#####Service management, Solution architecture, Relationship management...#####Computer science, People development, IT strategy, Pharma, Life sciences...#####Service delivery, ERP, SAP, Development Expert, Technical design, Legal...#####Unix, Aix, Performance tuning, Linux, Database administration, Healthcare...#####IT services, Service delivery, remediation, Information security, SOC...#####Prototype, User interface designing, project support, Illustrator...#####operational support, development testing, Architecture, Compliance, Legal...#####Unix, Performance tuning, C++, Linux, Enterprise applications, Healthcare...#####Change management, People development, IT strategy, Pharma, Life sciences...#####Computer science, Time management, Web development, Javascript, Application...#####Service management, Solution architecture, Relationship management...#####Computer science, People development, IT strategy, Pharma, Life sciences...#####Service delivery, ERP, SAP, Development Expert, Technical design, Legal...#####System architecture, advanced analytics, Architecture, Business analytics...#####IT services, Automation, Content management, Information security...#####GIS, Service management, Application support, French, Access management...#####Service delivery, Unix, IT services, Computer science, SAN, Healthcare...#####Automation, Technical management, Information security...#####Business process, PMP, Data conversion, Enterprise architecture...#####IT services, Automation, Information security, Configuration management...#####Computer science, Solution architecture, Service delivery, Architecture...#####Performance tuning, Networking, Data management, HP data protector...#####IT services, Business services, Change management, Business Analyst...#####IT services, Computer science, Lead Operations, Problem management...#####IT services, Change management, Project estimation, Business Analyst...#####IT services, Change management, Business Analyst, Process documentation...#####Computer science, Solution architecture, Data management, Architecture...#####Service management, advanced analytics, Data management, Problem management...#####Solution architecture, Application integration, Architecture, Coding...#####IT services, Problem management, Customer service, Business continuity...#####Solution architecture, Service delivery, Compliance, Technical design...#####Service delivery, IT services, Computer science, SOA, Pharma, Healthcare...#####IT services, Business services, Change management, Business Analyst...#####Service delivery, IT services, PMP, Consulting, Healthcare...#####Computer science, Solution architecture, System architecture...#####Service delivery, IT services, Business services, IT strategy, Pharma...#####Unix, Data management, Access management, big data, Business continuity...#####IT services, Computer science, Service management, WAN, Problem management,...#####Computer science, Business process, Application support, Change management,...#####System architecture, Business analysis, Management systems...#####IT services, PMP, Pharma, Consulting, Healthcare, Business strategy...#####Computer science, Solution architecture, System architecture, Automation...#####Computer science, Technical Architect, Matrix, Coding, Architectural design...#####GIS, Computer science, Operations Manager, AS400, Control-M, Healthcare...#####Change management, Compliance, Pharma, Pharmacy, GLP, data integrity...#####Unix, System architecture, advanced analytics, Solution design...#####Business process, Business services, Service delivery...#####Procurement, Business services, Change management, PMP, IT strategy...#####Computer science, Performance management, IT strategy, Healthcare...#####IT services, Business services, operational support, Service level...#####Procurement, Computer science, Service management, Networking, IVR, CCNA...#####IT services, Change management, Content management, Project management...#####Business services, ERP, Service level, Consulting, ITSM, Healthcare...#####IT services, Service management, Problem management, Healthcare...#####security architect, ERP, Change management, Cisa, Coding, Consulting...#####Computer science, Business services, Pharma, Healthcare, Life sciences...#####IT services, Computer science, Change management, Problem management...#####Solution design, Business consulting, Quality standards, SAP, Architecture,...#####Computer science, Service management, Solution architecture, PMP...#####Computer science, operational support, Version control, orchestration...#####Business services, Problem management, Healthcare, Customer service...#####Computer science, Solution architecture, metadata, Data management, PLSQL...#####Computer science, Data management, Enterprise applications...#####Computer science, Solution architecture, Data management, Architecture...#####Computer science, Solution architecture, Automation, GIT, PAAS...#####operational support, development testing, Architecture, Compliance...#####IT services, Computer science, Problem management, Incident management...#####Computer science, Solution architecture, Automation, PAAS, Machine learning...#####Business process, Business services, Service delivery...#####Computer science, RSS, DTD, XML, Consulting, Oracle, Information technology...#####Computer science, Business services, Content management, Architecture...#####Solution architecture, Relationship management, Business services, Solution...#####Crisis management, Data management, Access management, Problem management...#####Service management, Relationship management, Architecture, Technical design...#####Interaction design, Legal, Agile, User experience design..."
Nowcom Global Services India Pvt Ltd,1,"css, asp.net mvc, entity framework, ado.net, html, Front End Developer..."
OSI DIGITAL PRIVATE LIMITED,1,"c#, mvc framework, asp.net mvc, reporting services, oops, sql server..."
OSI Systems Pvt. Ltd.,1,"iso 27001, trend micro, it security, security analysis, qradar, soc..."
Okda Solutions,1,"java, data science, .net, software engineering, machine learning..."
OpsMx,1,"English, Written Communication, Communications, Technical Writer..."
OpsRamp,3,"Computer science, Networking, Linux, Technical writing, MySQL, microsoft...#####Computer science, Networking, Linux, Technical writing, MySQL, microsoft...#####Computer science, Email, Linux, Helpdesk, Cisco, Windows, microsoft..."
"Optum, a UnitedHealth Group Company",5,"TS Multiple Locations, Architect - Hyderabad#####Cloud - Hyderabad, Technical Lead Java, TS#####Senior Technical Support Analyst - Hyderabad Multiple Locations#####Associate Director - Medical Coding - Hyderabad, TS#####Software Engineering Analyst - Java Fullstack - Multiple Locations"
Oravel Stays Private Limited,1,"TCP, Networking, Network Engineer, VPN, Routing, L3VPN, Bgp, CCNA, MPLS..."
Oruganti Consultants,1,"Unix, Java, Project Management, Design Patterns, UML, OOAD, OOPS..."
Pamten Software Solutions Pvt. Ltd.,4,"Computer science, Business process, System testing, PMP, Project management...#####PMP, Email, Doc, Risk, General management, Information technology, closure,...#####Business process, Process design, Computer science, PMP, PDF...#####Process design, PMP, Business Analyst, User interface designing..."
Pathfinder Management Consulting (India) Ltd.,3,"C#, Powershell, System Analysis, Microsoft Azure, .Net, Problem Management,...#####Big Data, Bigdata#####Database Administration, SQL Azure, hadr solution, azure"
Pentagon Consultancy Services,1,"Tomcat, Linux, Solaris, JBoss, Shell scripting, PLSQL..."
People Value Consulting,1,"Construction Operations, Program Management, Project Management"
Personal Network. Ltd,2,"Senior Design Engineer, PROC, Technology consulting, Networking, RDBMS...#####Technical product configuration, c++, C, design, MySQL, JavaScript..."
Planon,2,"server, development, Performance management, software, Web development...#####server, Tomcat, development, software, JBoss, Web development, HTML..."
Process360 Pvt Ltd,1,"business ops manager, information technology, business ops executive..."
Progress Software Development Pvt Ltd,1,"Aix, VMware, SAN, C++, Automation, Linux, Solaris, Configuration management..."
Proxim Quest It Solutions Private Limited,1,"server, Content management, development, Filenet, analytical..."
Purple Cow IT Services,1,"Sales Analysis, Product Analysis, Customer Satisfaction, Digital Marketing,..."
Pyramid IT Consulting Pvt Ltd.,1,"head hunting, talent acquisition, us it recruitment, screening, recruitment..."
QUANTIUM ANALYTICS PRIVATE LIMITED,2,"xaml, c#, GIT, CI / CD Pipeline, automation engineering, .net, wpf...#####Team Management, Angularjs, Product Management, people management..."
Quadruple Automation Services Pvt Ltd,2,"Socket programming, Automation, software, JBoss, mobile, mca, jdbc, it...#####Socket programming, Automation, software, JBoss, mobile, mca, jdbc, it..."
Quality Systems India Healthcare Pvt Ltd,8,"css, code, technical, software, configuration, HTML, sql, java, web, design...#####development, code, software, Postgresql, Information technology, quality...#####C, code, technical, software, JSON, microsoft, sql, Coding, web, design...#####code, technical, software, microsoft, sql, Coding, web, design, debugging...#####Administration, Interpersonal skills, Claims, Senior Executive...#####code, technical, software, configuration, developing, HTML, sql, java, web,...#####Front end, SOA, Data modeling, MySQL, Flex, Healthcare, Unit testing...#####Core Java, Manager Quality Assurance, Configuration management, Agile, JDBC..."
Quality Thought Infosystems (India) Private Limited,1,"Training, Media strategy, Social media, Banking, digital marketing trainee,..."
Quantega,7,"Computer science, Telecom, Administration, Interpersonal skills, WAN...#####management, Intellectual property, Strategic planning...#####Unix, JMS, Linux, RDBMS, Oracle, EJB, Open source, Middleware...#####Computer science, Networking, IT strategy, query, Infrastructure...#####management information system, Staffing, Organizational development...#####Procurement, Computer science, Technical management, Network administration...#####Front end, Disaster recovery, DBMS, Management, Troubleshooting..."
RISE Pvt. Ltd.,2,"IT services, LDAP, VPN, XML, Configuration management, Consulting...#####IT services, LDAP, VPN, XML, Configuration management, Consulting..."
Ram IT Solutions,1,"IT services, Service management, Performance management..."
Ray Business Technologies,2,"AX functional, Retail, Configuration, POS, Dynamics AX 2012#####AX functional, Retail, Configuration, POS, Dynamics AX Retail..."
Raytex IT Services.,1,"Unix, Administration Manager, Networking, WAN, LAN, Active directory, DNS..."
Rechlinks Private Limited,1,"Java, CSS, Android Developer, Amazon Ec2, Github, Html5..."
Recruise India Consulting Pvt. Ltd.,1,"Communication Skills, Design Development, Written Communication, Networking..."
Riconz Technologies,3,"Technical Architect, Java, Azure, Cloud, .Net, Cloud Migration, ASP.NET MVC...#####Technical Architect, Java, Azure, Cloud, .Net, Cloud Migration, ASP.NET MVC...#####C#, Cloud Platform AWS, Web API or WCF, Azure, VB.NET, SQL Server..."
Roopa Soft LLP,4,"Computer science, Training, System testing, Analytical, Test Associate...#####Computer science, Training, System testing, Analytical, Software Associate,...#####be, analytical, net technologies, academic...#####quantitative skills, be, analytical, software, net technologies, academic..."
Rope Media Pvt. Ltd.,3,"continuous integration, Spring mvc, Web services, Payment systems...#####MVVM, Agile development, Swift, ios development, Information technology#####Hibernate, Core Java, Web services, Analytical, Agile development..."
Rroot Shell Technologies Private Limited,3,"Java, Business Consulting, Management Consulting, SDET, Automation Testing,...#####Exadata, Database Administration, RAC, SQL Tuning, Backup Management...#####SAP BO, Management Services, Performance Optimization..."
Ryan India Tax Services Pvt. Ltd.(Great Place to Work Certified),1,"Database Administration, dba, Powershell, SSRS, SAS 70, SQL Server, Telerik..."
S&P Global Inc.,2,"Data analysis, metadata, analytical, functions, Database design, level...#####Data analysis, metadata, analytical, functions, Database design, level..."
S-Square Data Systems Private Limited,4,"Unix, R12, Cloning, Weblogic, Oracle Apps Dba, PLSQL, Patching, Demantra...#####Dataguard, Exadata, Oracle SQL, RAC, Cloning, Oracle DBA, Patching...#####Unix, TIBCO Administrator, TIBCO BW, Oracle Fusion Middleware, XML...#####Unix, Control - M, Linux, Oracle Database, Cognos, PLSQL, Informatica..."
S2TECH.COM INDIA PVT LTD,2,"Design, information technology engineering, Coding, Software Engineering...#####Design, information technology engineering, Coding, Software Engineering..."
SAP Labs India Pvt. Ltd.,1,"oracle pl, sql queries, java, customer service, Informatica, etl, unix..."
SENECAGLOBAL IT SERVICES PRIVATE LIMITED,1,"senior ui developer, redux, ui developer, css, ui development, js, react..."
"SILICON TECH SOLUTIONS, INC",1,"Badis, MM, Data Dictionary, GTS, Function Modules, Alv, RFC, SD, SAP ABAP..."
SKS Enterpprises,1,"c#, continuous integration, c++, c, appium, automation testing..."
SONATA SOFTWARE LIMITED,1,"Networking, SOA, VPN, Billing, DNS, Application development, Visual Studio,..."
SRS Business Solutions,4,"C#, Angularjs, Microsoft Dynamics CRM certifications, MS Dynamics CRM...#####Microsoft Developer, Microsoft Dynamics CRM certifications...#####Microsoft Developer, Microsoft Dynamics CRM certifications...#####Microsoft Developer, Microsoft Dynamics CRM certifications..."
SRS Business Solutions India Pvt. Ltd.,1,"C#, Angularjs, MS Dynamics CRM, C#.Net, Javascript, Entity Framework..."
SYMPHONI HR,1,"Network Engineering, Networking, GM, Hardware, Network Administration..."
Sahasya Global Solutions,4,"VMware, server, Networking, technical, Technical writing, administration...#####technical, software, System programming, testing, it, Troubleshooting...#####Computer science, Automation, Db2, Postgresql, MySQL, Debugging...#####code, technical, software, Schema, developing, tools, cloud, database, java..."
Sai Sectretarial Services,1,"Computer science, Hibernate, MS SQL, jQuery, UML, Javascript, Life sciences..."
Sathguru Management Consultants Pvt Ltd,1,"Social media marketing, Printing, Public relations, Web analytics..."
Sathguru Management Consultants Pvt Ltd.,1,"external communication, media relations, newsletters..."
Secureworks,3,"Analytical skills, tableau, Excel, SSAS, data governance, EMC, Informatica,...#####Unix, MS SQL, Coding, Debugging, EMC, Scrum, Informatica, Teradata...#####Unix, MS SQL, Coding, Debugging, EMC, Scrum, Informatica, Teradata..."
SenSen Video Business Intelligence Private Limite d,2,"Sales Engineering, Demo, POC#####Sales Engineering, Demo, POC"
Shuchita Technologies (P) Ltd.,1,"Computer science, Sql Server 2008, server, jQuery, .NET framework, .Net, HR..."
Siemens Limited,1,"metadata, Web services, Cloud Applications, SFDC, Salesforce.com..."
Skill On Tap,1,"Java, Webservices Testing, Automation Testing Tools, API Testing..."
Skillsoft,2,"Computer science, Tomcat, IIS, SOA, Coding, Technical writing, MySQL...#####Unix, Automation, Linux, Networking, Technical writing, Javascript, Perl..."
Smart IMS (India) Pvt. Ltd,1,"Cold calling, Managed servicesMPLS, Networking, Diagnostics, Appliances..."
Solugenix India Private Limited,1,"splunk, Dashboards, unix"
Spectraforce Technologies (India) Pvt. Ltd.,5,"us it recruiter, us it recruitment...#####us it recruiter, us it recruitment...#####us it recruiter, us it recruitment...#####us it recruiter, us it recruitment...#####us it recruiter, us it recruitment..."
Spectrum,3,"SAP ECC, cloud integration, Application Lead, supply planning...#####mapping, test management, content activation, solman, trex, sld, rslaf, occ...#####d365, senior management, project management, erp, project development..."
Spot In Job Consultancy,13,"PSD, Illustrator, Javascript, HTML, Scheduling, SEO, Photoshop, Information...#####Web development, Debugging, CMS, PHP, HTML, Troubleshooting, Ruby...#####Software design, Visual Basic, Javascript, MVC, Troubleshooting...#####HR Administrator, Staffing, Web development, Consultancy...#####Graphics, Graphic designing, PDF, Illustrator, Staffing, Corel Draw...#####Front end, Web development, Debugging, CMS, PHP, Troubleshooting, Ruby...#####PDF, Staffing, MySQL, SMS, PHP, HTML, Scheduling, Information technology...#####Version control, Coding, Staffing, Javascript, HTML, Scheduling...#####Drupal, MySQL, Javascript, PHP, HTML, Scheduling, Stored procedures...#####HR Administrator, PDF, Staffing, Wordpress, Manager Technology, PHP...#####Graphics, PDF, Staffing, Animation, Consultancy, Scheduling...#####Backend, Usage, PDF, MIN, Programming, Manager Technology, PHP, Consultancy...#####Drupal, XML, Wordpress, Javascript, PHP, HTML, JSON, Open source, Joomla..."
Spruce IT Pvt. Ltd.,1,"screening, recruitment, Bench Sales Recruiter, h1b..."
Srinsoft Technologies Pvt. Ltd.,1,"pega prpc, software development, pega developer, pega rules commander, pega..."
Stalwart Management Consulting,1,"Team leading, SAS, Pharma, Management consulting, Life sciences..."
Sunera Technologies.,2,"Performance tuning, code, technical, analytical, software, administration...#####Performance tuning, code, technical, analytical, software, administration..."
Sutherland Global Services Inc,4,"Computer science, jQuery, Analytical, Javascript, Agile, Microsoft Dynamics...#####Computer science, jQuery, Analytical, Javascript, Agile, Microsoft Dynamics...#####Computer science, Customer service orientation, Dynamics CRM, Analytical...#####Computer science, jQuery, Analytical, Javascript, Agile, Microsoft Dynamics..."
Suvarna Technosoft Pvt Ltd,2,"it implementation, information it implementor, information it deployment...#####it implementation, information it implementor, information it deployment..."
Synchrony International Services Private Limited,2,"Data analysis, PDF, Agile, Data processing, Data structures, Informatica...#####remediation, Operational excellence, PDF, Process improvement..."
Synechron Technologies Pvt Ltd,1,"Configuration Management, Weblogic Administration, System Administration..."
T & A Solutions,28,"com, bca, Email, System programming, cad, mca, Copyright, scripting, ui...#####Email, technical, HTML, mca, bootstrap, sql, Copyright, java, ui, web...#####Email, technical, HTML, mca, bootstrap, sql, java, ui, web, design...#####parking, c, hr solutions, it, Information technology, Process Associate...#####parking, ERP, c, oracle, functions, developing, Triggers, Stored procedures...#####com, bca, Email, System programming, cad, mca, Copyright, scripting, ui...#####Email, technical, HTML, mca, bootstrap, sql, Copyright, java, ui, web...#####Email, technical, HTML, mca, bootstrap, sql, java, ui, web, design...#####parking, c, hr solutions, it, Information technology, Process Associate...#####parking, ERP, c, oracle, functions, developing, Triggers, Stored procedures...#####IIS, Linux, Shell scripting, Service, Perl, Windows, Apache...#####pipeline, copyright, service engineer, cv, information technology...#####copyright, information technology, sales manager, software, payrollemail...#####pa, cold calling, hiring, relationship building, information technology...#####channel partners, information technology max, trainer, telecom...#####c++, C, HTML, mca, bootstrap, tools, jquery, sql...#####rest, c, code, technical, hr solutions, it, ios, xcode, cocoa...#####marketing executive, distributors, customer profiling, marketing manager...#####marketing executive, distributors, customer profiling, sales strategy...#####parking, server, ERP, Tomcat, software, Quality Analyst, Eclipse, database,...#####parking, server, html5, developing, J2Ee, HTML, tools, sql, spring, coding,...#####service engineer, sales service, solutions, medical equipment cvpm#####pipeline, service engineer, sales service, medical equipment post sales#####, mbapayroll, sales manager, hr#####channel partners, solutions, telecom, prepaid sales, laptop#####new product launches, visual merchandising...#####parking, Hibernate, Core Java, jQuery, IT Manager, JBoss, Weblogic...#####Copyright, Team management, Renewable energySolar energy, RailwaysCV, Sales..."
TA Digital,1,"jQuery, Javascript, CMS, Unit testing, Adobe, Information technology, CRM..."
TALENTURE MANAGEMENT CONSULTING,1,"Management Executive, Lead Architect, SSRS, Development Lead..."
TERRA TECHNOLOGY,15,"Unix, Service management, global operations, Linux, Analytical, Windows...#####Unix, Service management, global operations, Data center operations, Linux,...#####Service management, global operations, Change management, Service level...#####Computer science, Supply chain management, Analytical...#####Patch management, SMTP, Computer science, Performance tuning, Networking...#####Unix, Service management, global operations, Linux, Analytical, Windows...#####Unix, Service management, global operations, Data center operations, Linux,...#####Service management, global operations, Change management, Service level...#####Computer science, Supply chain management, Analytical...#####Patch management, SMTP, Computer science, Performance tuning, Networking...#####Unix, technical, configuration, tools, Technical support, scripting, RDBMS,...#####Helpdesk, Linux, Network engineering, Active directory, DNS, Windows...#####Supply chain, Business process, Application support, Linux, XML, Analytical...#####Supply chain, Computer science, Data management, Production support...#####Supply chain, Business process, Application support..."
TM Inputs & Services Pvt. Ltd.,1,Company Secretary
TRINITY CLEANTECH PRIVATE LIMITED,1,"Analytical skills, Proposal writing, Data analysis, Client coordination..."
TRUNDL LABS PRIVATE LIMITED,1,"rest, css, confluence, crowd, clover, crucible, atlassian suite, javascript..."
TalPro,2,"Cyber Security, Linux, implementation, Information Security, Dlp...#####Cyber Security, Linux, Information Security, Security Architect, Dlp..."
Talent Times Pvt Ltd,1,"it implementation, software implementation, Hardware Networking..."
Talenttimes Pvt Ltd,1,"it implementation, software implementation, technical support..."
Tata Communications Ltd,18,"Change management, Helpdesk, QOS, Service assurance, Networking...#####Change management, Technology management, Helpdesk, QOS, Service assurance,...#####Change management, Technology management, Helpdesk, QOS, Service assurance,...#####Change management, Helpdesk, QOS, Service assurance, Networking...#####Change management, Helpdesk, QOS, Service assurance, Networking...#####Change management, Technology management, Helpdesk, QOS, Service assurance,...#####Change management, Technology management, Helpdesk, QOS, Service assurance,...#####Change management, Helpdesk, QOS, Service assurance, Networking...#####Change management, Technology management, Helpdesk, QOS, Service assurance,...#####Change management, Technology management, Helpdesk, QOS, Service assurance,...#####Change management, Helpdesk, QOS, Service assurance, Networking...#####Change management, Technology management, Helpdesk, QOS, Service assurance,...#####Change management, Helpdesk, QOS, Service assurance, Networking...#####Change management, Helpdesk, QOS, Service assurance, Networking...#####Change management, Helpdesk, QOS, Service assurance, Networking...#####Change management, Technology management, Helpdesk, QOS, Service assurance,...#####Change management, Helpdesk, QOS, Service assurance, Networking...#####Change management, Technology management, Helpdesk, QOS, Service assurance,..."
Tech Mahindra Ltd.,3,"SCOPE, Service Delivery Management, PMI, MPLS, Frame Relay, PMP...#####Bi, SQL Server, Informatica, SSIS, Thai Speaking Skill...#####strategy consulting, outsourcing advisory, proposal preparation..."
Tech Ringers,2,"SAN, css, software, HTML, cloud, salesforce, web, design, Javascript, Agile...#####BPO, SAN, rest, Data analysis, Data migration, development, css, software..."
TechKnowledgey Pte Ltd,3,"css, Azure, software development, information technology, maven, it...#####asp.net mvc, information technology, html5, ms sql server...#####san, it support, information technology, vmware, vcs, dns, networking..."
TechO2 India Private Limited,1,"Computer science, Maven, Automation, Test execution, Performance testing..."
Technosoft Global Services Pvt Ltd,19,"Financial Services, ISO 9001, Workforce Management, Finance, Scheduling...#####technical knowledge, revenue avoided, people management, team handling...#####tech support, service desk, it support, Technical Support, it helpdesk#####campaign management, web content management, e - commerce, web content, CMS...#####Web Content Management, Campaign management, Web Content...#####Validation, callings, Communication Skills, good communication, Excel...#####senior hrbp, payroll processing, human resource bp, lead hrbp, hrbp, hr bp,...#####sales specialist, technical support, excellent communications...#####Customer Service, Problem Resolution, Sales Operations, Calling, Presales...#####technical knowledge, revenue avoided, people management, customer service...#####Web Content Management, Campaign management, Web Content...#####international calling, call centre executive, technical support, fresher...#####international calling, call centre executive, technical support, fresher...#####international calling, call centre executive, technical support, fresher...#####international calling, call centre executive, technical support, fresher...#####sales operations, technical support, english communication...#####Business Process Management, Customer Relationship, Customer Service...#####tech support, service desk, it support, Technical Support, it helpdesk#####conflict management, hr generalist activities, Senior HR Executive..."
Techron Systems Private Limited,1,"sql400, order management, infor xa user security, rpg, INFOR XA, clle..."
Tecnics IntegrationTechnologies Pvt. Ltd.,3,"angular, Algorithms, information technology, performance tuning...#####angular, Algorithms, information technology, performance tuning...#####oracle financial SME, oracle, oracle financial functional consultant..."
Tectoro Consulting Pvt Ltd,2,"Computer science, IIS, Javascript, Agile, PHP, HTML, MVC, Visual Studio...#####Computer science, IIS, Javascript, Agile, PHP, HTML, MVC, Visual Studio..."
Teradata India Private Limited,1,"Java, C++, Software Development, C, Software Engineering, RDBMS..."
The U.S. Pharmacopeial Convention (USP),2,Information Technology#####Information Technology
Thinksure Information Technology Private Limited,4,"interviewing, IT Recruiter, it recruitment, screening, hiring...#####client relationship management, stakeholder management, recruitment, client...#####C#, Application Development, Effective Communication Skills, Dynamics CRM...#####IT Recruitment"
Trasers,1,"Computer science, jQuery, Front end, MySQL, Debugging, Consulting..."
Trigent Software Limited,2,"voice process, information technology, International Call Center...#####bpo, voice process, international bpo, international voice process..."
UTC Fire and Security India Ltd.,1,"Identity Access Management, active directory..."
United Global Soft,1,"jQuery, LINQ, UML, XML, HTML, WCF, WPF, SDLC, SQL, DHTML"
United States Pharmacopeia-India (P) Limited,1,"Computer science, Software design, Technical management, Production support..."
Urenok Software Solutions Pvt Ltd,1,"technical support, product support, customer management..."
VISUALPATH IT SERVICES PRIVATE LIMITED,3,"Educational Sales, Sales, cold calling, educational business development...#####Educational Sales, Sales, cold calling, educational business development...#####Educational Sales, Sales, cold calling, educational business development..."
VSPLASH TECHLABS Pvt.Ltd,2,Product Management#####Product Management
Vaave,5,"Cold calling, IT services, Automation, Email marketing, PHP...#####Cold calling, IT services, Automation, Email marketing, PHP...#####Cold calling, IT services, Automation, Email marketing, XML, MySQL, PHP...#####Cold calling, IT services, Automation, Email marketing, XML, MySQL, PHP...#####Cold calling, IT services, Automation, Email marketing, XML, MySQL, PHP..."
Value C Consulting Services Private Limited,2,"Training, Education Industry#####Training, Education Industry"
Value Consulting,1,"development, erp, project management, information technology, pre sales..."
Verizon Data Services India Pvt.Ltd,2,"Unix, XML, JSP, HTML, Application development, HTTP, Windows, Selenium...#####Unix, XML, JSP, HTML, Application development, HTTP, Windows, Selenium..."
Vimbri Media Pvt. Ltd. (The Dollar Business),1,"Networking, WAN, LAN, Antivirus, IT Hardware, Switching..."
Vistex Asia Pacific Pvt Ltd,1,"Backend, Automation, Network administration, Linux, Analytical..."
Vistex Asia Pacific Pvt. Ltd.,1,"sap fico implementation, SAP CO, sap co consultant, profitability analysis,..."
Wallero Technologies,1,"Computer science, Staffing, Information security, Corporate..."
Web Synergies (India) Pvt. Ltd,2,"algorithms, development, SAS, analytical, mobile, Business intelligence...#####algorithms, development, SAS, analytical, mobile, Business intelligence..."
Webprobity,1,"SAP, French, Project management, Web development, Internet marketing..."
Wells Fargo India Solutions Pvt. Ltd.,78,"Business process, Manager Quality Assurance, Data management, Trade finance...#####Business services, Cisa, Operational risk, Trade finance...#####SAN, Db2, Application development, Informatica, Oracle, Teradata, SyBase...#####Business process, Business services, Data management, Trade finance...#####Business process, SAN, Manager Quality Assurance, Consultant 4...#####Business process, Business services, Data management, Trade finance...#####Business process, Manager Quality Assurance, Data management, Trade finance...#####Business process, Business services, Consultant 4, Data management...#####SAN, Linux, Project management, Web development, Javascript, Agile, JSON...#####SAN, Linux, Project management, Web development, Javascript, Agile, JSON...#####SAN, Linux, Project management, Web development, Javascript, Agile, JSON...#####SAN, Linux, Project management, Web development, Javascript, Agile, JSON...#####SAN, Linux, Project management, Web development, Javascript, Agile, JSON...#####SAN, Linux, Project management, Web development, Javascript, Agile, JSON...#####SAN, Linux, Project management, Web development, Javascript, Agile, JSON...#####Business services, SAN, Trade finance, Analytical, Asset management...#####SAN, jQuery, SSRS, Javascript, HTML, Asset management, SSIS...#####Business services, SAN, Wealth management, Trade finance, Workflow...#####UI development, SAN, Front end, Scrum, Asset management, microsoft...#####Microstrategy, SAN, Data analysis, Db2, Informatica, Asset management...#####SAN, RDBMS, TDD, Pega, Asset management, Risk management...#####SAN, Automation, Support Analyst, Production support, Asset management...#####Business process, Manager Quality Assurance, Data management, Trade finance...#####Business services, Cisa, Operational risk, Trade finance...#####SAN, Db2, Application development, Informatica, Oracle, Teradata, SyBase...#####Business process, Business services, Data management, Trade finance...#####Business process, SAN, Manager Quality Assurance, Consultant 4...#####Business process, Business services, Data management, Trade finance...#####Business process, Manager Quality Assurance, Data management, Trade finance...#####Business process, Business services, Consultant 4, Data management...#####SAN, Linux, Project management, Web development, Javascript, Agile, JSON...#####SAN, Linux, Project management, Web development, Javascript, Agile, JSON...#####SAN, Linux, Project management, Web development, Javascript, Agile, JSON...#####SAN, Linux, Project management, Web development, Javascript, Agile, JSON...#####SAN, Linux, Project management, Web development, Javascript, Agile, JSON...#####SAN, Linux, Project management, Web development, Javascript, Agile, JSON...#####SAN, Linux, Project management, Web development, Javascript, Agile, JSON...#####Business services, SAN, Trade finance, Analytical, Asset management...#####SAN, jQuery, SSRS, Javascript, HTML, Asset management, SSIS...#####Business services, SAN, Wealth management, Trade finance, Workflow...#####UI development, SAN, Front end, Scrum, Asset management, microsoft...#####Microstrategy, SAN, Data analysis, Db2, Informatica, Asset management...#####SAN, RDBMS, TDD, Pega, Asset management, Risk management...#####SAN, Automation, Support Analyst, Production support, Asset management...#####SAN, XML, Analytical, Asset management, microsoft, Risk management...#####SAN, Hibernate, Change management, Multithreading, Web development...#####SAN, Manager Quality Assurance, XML, Asset management, microsoft...#####SAN, Change management, Networking, Production support, RDBMS...#####SAN, Db2, Informatica, Unit testing, Teradata, Risk management, Information...#####Business services, SAN, Support Analyst, Trade finance, Consulting, Windows...#####SAN, Manager Quality Assurance, Access management, Information security...#####SAN, Bfsi, Application development, Informatica, Test cases, Oracle...#####Business services, SAN, Wealth management, Trade finance, Workflow...#####Computer science, Business services, SAN, Trade finance, Scheduling...#####SAN, Hibernate, Configuration management, Workflow, Asset management...#####SAN, jQuery, SSRS, Javascript, HTML, Visual Studio, SSIS, microsoft...#####SAN, Due diligence, Trade finance, Workflow, Asset management...#####SAN, MS SQL, Data analysis, MS Access, SSRS, Windows, SSIS, Documentum...#####Unix, SAN, Tomcat, Application support, JBoss, Weblogic, Debugging...#####SAN, Performance tuning, Hibernate, Web services, JSP...#####SAN, Cisa, Cobit, Information security, Consulting, Performance testing...#####Microstrategy, SAN, Backend, Agile, Unit testing, Asset management...#####SAN, System testing, Db2, Informatica, Teradata, Risk management...#####SAN, RDBMS, TDD, Pega, Asset management, Risk management...#####SAN, Maven, Hibernate, Tomcat, Coding, Debugging, Application development...#####SAN, Business analysis, Agile, Asset management, Risk management...#####Unix, SAN, Performance tuning, Application support, Production support...#####Automation, MS SQL, jQuery, Networking, XML, Javascript, HTML, Perl, Oracle...#####SAN, MS SQL, Production support, SSRS, Javascript, Performance testing...#####Hibernate, Core Java, SOA, Production support, JSP, MySQL, PLSQL, JDBC...#####SAN, Hibernate, SOA, Production support, RDBMS, Javascript, Agile, PLSQL...#####Unix, SAN, Performance tuning, Application support, XML, Agile, Ab Initio...#####SAN, SSRS, Javascript, Agile, Winforms, WCF, SSIS, microsoft, SDLC, SQL#####SAN, Performance tuning, jQuery, Coding, SSRS, Debugging, Javascript, WCF...#####VMware, SAN, Support Analyst, Networking, Production support, Solaris...#####SAN, Performance tuning, MS SQL, Database design, SSRS, JSON...#####SAN, jQuery, SOA, XML, Debugging, HTML, Perl, Application development, MVC,...#####Unix, SAN, Linux, Networking, Production support, Coding, Shell scripting..."
Win Information Technology Pvt. Ltd.,4,"coldcalling, inside sales, BDE, email campaigning, lead generation, Sr. BDE...#####Business Analyst, Consumer Goods Sales, Blue Print consultant, FMCG Sales...#####C#, Angular JS, MS SQL, ADO.Net, Dot Net Developer, asp.net, MySQL, .Net...#####C#, Dot Net Developer, .Net 3.5 C#, WPF, Angular, WF, Angular JS, MS SQL..."
Windel Solutions,1,"Wordpress CMS, css, code, software, Database design, CMS..."
Xenosoft Technologies India Pvt Ltd,1,"VMware, Networking, V, Postgresql, Active Directory Administration, DNS..."
Yellowpages.in,1,"Excel, HR operations, google apps, hr solutions..."
Young India Information Technology Services (P) Lt,6,"Sales, Subject Matter Expert, Research#####SSRS, Sharepoint, SQL#####Performance tuning, code, android, developing, JSON, Troubleshooting, tools...#####c#, server, developing, Stored procedures, triggers, sql, SQL queries...#####ERP, technical, developer#####development, solid, html5, CMS, mobile, developing, HTML, jQuery mobile..."
Zessta Software Services Pvt. Ltd,1,"Database architecture, C++, Usage, development, code, solid, methods..."
eBusinesswall IT Solutions,1,"Operations management, Management Associate, PDF, Linux, Software Associate..."
eNFLUENCE IT Services,3,"QoS, Windows Server, IT Administrator, Cisco, DNS, System Administration...#####Business Analyst, Project Management, System Design, Integration Testing...#####QoS, Windows Server, Cisco, DNS, System Administration..."
enVista,2,"Computer science, SQL queries, Core Java, Relationship, Programming, PLSQL,...#####Computer science, Application support, Publishing, jQuery, Analytical..."
hCapital Business Consulting Private Limited,1,"Internal Audit, Director, tax, accounts, accounting, cost analysis..."
i2t2 India Ltd,1,"development, Business Analyst, Architectural design, Tools, Gap analysis..."
iSpatial Techno Solutions Pvt Ltd.,2,"Analytical skills, Basic, bca, development, VB.NET, analytical, software...#####Analytical skills, Basic, bca, development, VB.NET, analytical, software..."
iconma Professional Services & Solution Pvt. Ltd.,1,"US Staffing, fresher, IT Recruitment, technical recruitment..."
inVentiv International Pharma Services Pvt. Ltd.,1,"security, courier, special economic zone, administration..."
itForte Staffing Services Private Ltd.,13,"Computer science, UI, User interface designing, Illustrator, Analytical...#####ISO, XML, JSP, Salesforce.com, Tools, Service, JSON, Information technology...#####Domino, VMware, Maven, Manager Quality Assurance, devops...#####Computer science, Cocoa touch, UX, Agile, SDK, IOS, Photoshop...#####configuration management, release management, information technology...#####Computer science, Change management, Email, Networking, ISO, XML, Service...#####Networking, ISO, XML, JSP, MIS, JSON, Troubleshooting...#####Computer science, Cocoa touch, UX, User interface designing, Illustrator...#####Computer science, Change management, Email, ISO, XML, Service, HTML...#####Domino, VMware, Maven, Manager Quality Assurance, Version control, GIT...#####java, iso, mis, xml, html, call center, change management, javascript#####, objective c, mobile application, photoshop, agile, sdk, xcode, roid...#####configuration management, release management, software development, nagios,..."
lean infotech,2,"Unix, Application support, Content management, development, technical...#####Unix, Application support, Content management, development, technical..."
"salesforce.com, inc.",1,"SAN, CVS, RDBMS, Scrum, Oracle, Open source, Information technology, SDLC..."
teradata corporation s,1,"Unix, development, c, code, software, Debugging, System programming..."
